{
  "version": "7",
  "dialect": "mysql",
  "entries": [
    {
      "idx": 0,
      "version": "5",
      "when": 1768875642659,
      "tag": "0000_early_lord_hawal",
      "breakpoints": true
    },
    {
      "idx": 1,
      "version": "5",
      "when": 1768875730796,
      "tag": "0001_regular_sabra",
      "breakpoints": true
    },
    {
      "idx": 2,
      "version": "5",
      "when": 1768880223649,
      "tag": "0002_massive_radioactive_man",
      "breakpoints": true
    },
    {
      "idx": 3,
      "version": "5",
      "when": 1768887617068,
      "tag": "0003_silly_pretty_boy",
      "breakpoints": true
    },
    {
      "idx": 4,
      "version": "5",
      "when": 1768918549202,
      "tag": "0004_wild_human_fly",
      "breakpoints": true
    },
    {
      "idx": 5,
      "version": "5",
      "when": 1768922092455,
      "tag": "0005_windy_virginia_dare",
      "breakpoints": true
    },
    {
      "idx": 6,
      "version": "5",
      "when": 1768957201637,
      "tag": "0006_silly_ted_forrester",
      "breakpoints": true
    },
    {
      "idx": 7,
      "version": "5",
      "when": 1768960489858,
      "tag": "0007_happy_wolverine",
      "breakpoints": true
    },
    {
      "idx": 8,
      "version": "5",
      "when": 1768961309270,
      "tag": "0008_nasty_bloodaxe",
      "breakpoints": true
    },
    {
      "idx": 9,
      "version": "5",
      "when": 1768965286664,
      "tag": "0009_high_hellcat",
      "breakpoints": true
    },
    {
      "idx": 10,
      "version": "5",
      "when": 1769057160339,
      "tag": "0010_naive_outlaw_kid",
      "breakpoints": true
    },
    {
      "idx": 11,
      "version": "5",
      "when": 1769091453790,
      "tag": "0011_simple_talos",
      "breakpoints": true
    },
    {
      "idx": 12,
      "version": "5",
      "when": 1769096933352,
      "tag": "0012_sour_red_hulk",
      "breakpoints": true
    },
    {
      "idx": 13,
      "version": "5",
      "when": 1769121862731,
      "tag": "0013_whole_vulcan",
      "breakpoints": true
    },
    {
      "idx": 14,
      "version": "5",
      "when": 1769228193916,
      "tag": "0014_cooing_maverick",
      "breakpoints": true
    }
  ]
}